{"cameraMode":{"drawMode":0,"name":"Shaded","section":"Shading Mode"},"sceneLighting":true,"audioPlay":false,"sceneViewState":{"m_AlwaysRefresh":false,"showFog":true,"showSkybox":true,"showFlares":true,"showImageEffects":true,"showParticleSystems":true,"showVisualEffectGraphs":true,"m_FxEnabled":true},"in2DMode":false,"pivot":{"x":-1.3405871391296387,"y":1.9647207260131837,"z":1.925917625427246},"rotation":{"x":0.0638088509440422,"y":-0.9336070418357849,"z":0.21074315905570985,"w":0.2826783359050751},"size":6.5540385246276859,"orthographic":false}